{"modes":90,"_timestamp":1.7453024270810254e+09,"_runtime":912.647784504,"_step":100,"_wandb":{"runtime":913},"mean_top_k_R":0.2632811787724495,"mean_R":0.06680711999588185}