{"_runtime":1570.578430503,"_step":100,"_wandb":{"runtime":1570},"mean_top_k_R":0.23639070570468904,"mean_R":0.01970470475229206,"modes":20,"_timestamp":1.7453244210994556e+09}