{"_timestamp":1.745323304757267e+09,"_runtime":682.958964595,"_step":100,"mean_top_k_R":0.24413847625255586,"_wandb":{"runtime":683},"mean_R":0.10948923570504941,"modes":35}