{"_step":100,"mean_top_k_R":0.22918131276965142,"mean_R":0.016341511971881478,"_wandb":{"runtime":1742},"modes":14,"_timestamp":1.7453214578754318e+09,"_runtime":1742.680526291}