{"mean_top_k_R":0.2572415417432785,"mean_R":0.03581338523355924,"modes":65,"_timestamp":1.745314771824461e+09,"_wandb":{"runtime":1035},"_runtime":1034.536310912,"_step":100}