{"mean_R":0.020691988619859675,"_wandb":{"runtime":1755},"modes":27,"_timestamp":1.7453262166594837e+09,"_runtime":1755.336815918,"_step":100,"mean_top_k_R":0.24096220180392267}