{"_wandb":{"runtime":1368},"mean_top_k_R":0.24729566007852555,"mean_R":0.022786157295191917,"modes":35,"_timestamp":1.7452985800994363e+09,"_runtime":1367.85378925,"_step":100}