{"_step":100,"mean_top_k_R":0.2397938057780266,"mean_R":0.0198004436762842,"modes":24,"_timestamp":1.7453160875580058e+09,"_wandb":{"runtime":1306},"_runtime":1306.10405012}