{"_runtime":1301.191653597,"_step":100,"mean_top_k_R":0.23966558262705803,"mean_R":0.019684854902450907,"modes":26,"_wandb":{"runtime":1302},"_timestamp":1.7452999490642464e+09}