{"_wandb":{"runtime":1093},"mean_top_k_R":0.11981569580733777,"mean_R":0.0031253448744914853,"modes":1,"_timestamp":1.7453208420124316e+09,"_runtime":1092.81378892,"_step":100}