{"_runtime":1689.535664234,"_step":100,"_wandb":{"runtime":1689},"mean_top_k_R":0.24096220180392267,"mean_R":0.020691988619859675,"modes":27,"_timestamp":1.7453260669401612e+09}