{"_timestamp":1.7453089427020738e+09,"_runtime":1747.186836828,"_step":100,"mean_top_k_R":120431.155859375,"_wandb":{"runtime":1748},"mean_R":1025.5055772097298,"modes":0}