{"modes":26,"_wandb":{"runtime":1564},"_timestamp":1.7453299629736195e+09,"_runtime":1563.95537873,"_step":100,"mean_top_k_R":0.24094572350382804,"mean_R":0.02006627292756542}