{"_runtime":2590.200722466,"_step":100,"mean_top_k_R":662489.31125,"mean_R":179263.1657913975,"modes":16,"_wandb":{"runtime":2590},"_timestamp":1.7453136870793512e+09}