{"_wandb":{"runtime":1543},"_step":100,"mean_top_k_R":0.24038116067647933,"mean_R":0.01999821014136989,"modes":24,"_timestamp":1.7453288268904114e+09,"_runtime":1543.222315244}