{"_timestamp":1.7453124679816504e+09,"_runtime":2087.274533921,"_step":100,"mean_top_k_R":33507.869296875,"mean_R":219.83195839926822,"modes":0,"_wandb":{"runtime":2087}}