{"modes":21,"_timestamp":1.745325117588577e+09,"_runtime":1269.978563754,"_step":100,"_wandb":{"runtime":1270},"mean_top_k_R":0.23741611644625663,"mean_R":0.01985094492738379}