{"modes":22,"_timestamp":1.7453228411638582e+09,"_runtime":1367.977382649,"_step":100,"_wandb":{"runtime":1368},"mean_top_k_R":0.23815991535782813,"mean_R":0.019740279615401358}