{"_wandb":{"runtime":1678},"mean_top_k_R":0.2388559800386429,"mean_R":0.019633348403694354,"modes":22,"_timestamp":1.7453214199878676e+09,"_runtime":1678.125154552,"_step":100}