{"_step":100,"mean_top_k_R":0.2632811763882637,"mean_R":0.053390552482117444,"modes":90,"_timestamp":1.7453259873088734e+09,"_wandb":{"runtime":914},"_runtime":913.998063988}