{"mean_top_k_R":429324.2334375,"mean_R":27061.6816393915,"modes":2,"_timestamp":1.7453094901270814e+09,"_wandb":{"runtime":2295},"_runtime":2294.698726249,"_step":100}