{"mean_R":0.030649710845409878,"modes":80,"_timestamp":1.7453243572144973e+09,"_runtime":1514.520715372,"_step":100,"_wandb":{"runtime":1515},"mean_top_k_R":0.2615187512338161}