{"_runtime":1182.508227334,"_step":100,"mean_top_k_R":0.2628528207540512,"mean_R":0.03998803452760458,"modes":88,"_wandb":{"runtime":1183},"_timestamp":1.7453218783736253e+09}