{"modes":18,"_timestamp":1.7453282619182239e+09,"_wandb":{"runtime":1512},"_runtime":1512.002202412,"_step":100,"mean_top_k_R":0.23526228666305543,"mean_R":0.018070787173461483}