{"_timestamp":1.7453167371396224e+09,"_runtime":641.387390614,"_step":100,"_wandb":{"runtime":641},"mean_top_k_R":0.24649569869041443,"mean_R":0.10628300780752276,"modes":38}