{"mean_R":0.07458603282096002,"modes":90,"_timestamp":1.745323855372051e+09,"_runtime":763.509407099,"_step":100,"_wandb":{"runtime":763},"mean_top_k_R":0.2632811821997166}