{"_timestamp":1.7453228207641847e+09,"_runtime":1347.590980303,"_step":100,"mean_top_k_R":0.2627430973947048,"mean_R":0.03492757535949555,"modes":88,"_wandb":{"runtime":1348}}