{"mean_R":0.019213075624653287,"modes":21,"_timestamp":1.7453287924795134e+09,"_wandb":{"runtime":1592},"_runtime":1592.173946024,"_step":100,"mean_top_k_R":0.23585913807153702}