{"mean_R":126974.5456808413,"modes":33,"_timestamp":1.745307413502118e+09,"_runtime":2977.024876774,"_step":100,"_wandb":{"runtime":2977},"mean_top_k_R":692590.64875}