{"modes":21,"_timestamp":1.745322183377478e+09,"_wandb":{"runtime":1312},"_runtime":1311.889107527,"_step":100,"mean_top_k_R":0.2365624275803566,"mean_R":0.019768180055148347}