{"_step":100,"mean_top_k_R":680574.263125,"mean_R":129881.41792523018,"modes":25,"_timestamp":1.7453074945834072e+09,"_runtime":1896.669076213,"_wandb":{"runtime":1897}}