{"_runtime":1029.543906089,"_wandb":{"runtime":1030},"_step":100,"mean_top_k_R":0.25368904680013654,"mean_R":0.037110393385759624,"modes":54,"_timestamp":1.7453230701282344e+09}