{"_wandb":{"runtime":635},"mean_R":0.09341429996426462,"modes":65,"_timestamp":1.7453253494754677e+09,"_runtime":635.186444591,"_step":100,"mean_top_k_R":0.2572746843099594}