{"_wandb":{"runtime":2586},"mean_R":160603.4083795714,"modes":367,"_timestamp":1.7453083641562214e+09,"_runtime":2585.980043642,"_step":100,"mean_top_k_R":781972.0975}