{"_runtime":715.545703587,"_step":100,"mean_top_k_R":0.26328118070960044,"_wandb":{"runtime":715},"mean_R":0.08186735577425787,"modes":90,"_timestamp":1.745322607504401e+09}